epoch,time,train/box_loss,train/seg_loss,train/cls_loss,train/dfl_loss,train/sem_loss,metrics/precision(B),metrics/recall(B),metrics/mAP50(B),metrics/mAP50-95(B),metrics/precision(M),metrics/recall(M),metrics/mAP50(M),metrics/mAP50-95(M),val/box_loss,val/seg_loss,val/cls_loss,val/dfl_loss,val/sem_loss,lr/pg0,lr/pg1,lr/pg2
1,56.5853,1.58866,2.55623,2.6992,0.0054,4.94848,0.71021,0.21802,0.19335,0.10403,0.68709,0.17286,0.16153,0.07654,1.70428,2.52946,2.25265,0.00733,0,0.000408333,0.000408333,0.000408333
2,107.721,1.57054,2.21833,1.56968,0.0051,2.35875,0.38241,0.32953,0.2855,0.13646,0.35362,0.2874,0.24239,0.1035,1.67573,2.4193,2.37727,0.00729,0,0.00082495,0.00082495,0.00082495
3,157.491,1.56015,2.14285,1.48809,0.0053,2.08932,0.19403,0.22734,0.14037,0.07129,0.18175,0.20654,0.13419,0.05926,1.88832,3.00655,2.52959,0.00911,0,0.00124136,0.00124136,0.00124136
4,207.792,1.57778,2.12613,1.46852,0.00553,2.04257,0.37172,0.39728,0.31324,0.16227,0.3326,0.36381,0.27603,0.12346,1.64327,2.17648,2.08581,0.00727,0,0.00124931,0.00124931,0.00124931
5,257.665,1.56102,2.11292,1.45662,0.00539,2.02775,0.31274,0.3175,0.24856,0.12854,0.32457,0.26146,0.2066,0.08803,1.63764,2.41426,2.16403,0.00756,0,0.00124878,0.00124878,0.00124878
6,307.809,1.56745,2.10171,1.41663,0.00539,1.94616,0.4043,0.39291,0.35226,0.17175,0.34751,0.34025,0.29119,0.1264,1.614,2.13455,1.63271,0.0071,0,0.00124809,0.00124809,0.00124809
7,357.382,1.53872,2.03948,1.38684,0.00528,1.83236,0.49937,0.41019,0.38291,0.20422,0.47381,0.38322,0.35007,0.17033,1.56425,1.96924,1.74661,0.00676,0,0.00124725,0.00124725,0.00124725
8,407.759,1.54754,2.04277,1.35956,0.0052,1.88369,0.493,0.45752,0.43369,0.21897,0.49425,0.39882,0.38141,0.16448,1.54942,2.02378,1.53468,0.00674,0,0.00124626,0.00124626,0.00124626
9,457.52,1.49537,1.9583,1.288,0.00501,1.75817,0.49937,0.44063,0.42649,0.2256,0.43022,0.39592,0.34864,0.15772,1.5839,2.08356,1.44527,0.0067,0,0.00124512,0.00124512,0.00124512
10,507.564,1.48639,1.95423,1.28878,0.00497,1.73739,0.51935,0.48161,0.45813,0.25599,0.4821,0.43621,0.40747,0.19538,1.46183,1.88956,1.44135,0.00631,0,0.00124383,0.00124383,0.00124383
11,557.836,1.51017,1.9765,1.28558,0.00497,1.72038,0.50199,0.46918,0.45612,0.23978,0.51249,0.40057,0.39817,0.19347,1.50542,1.89965,1.41418,0.0066,0,0.00124238,0.00124238,0.00124238
12,608.174,1.49292,1.94207,1.27822,0.00502,1.71613,0.54748,0.48173,0.47414,0.2598,0.52645,0.43083,0.41932,0.20209,1.44455,1.86807,1.35139,0.006,0,0.00124079,0.00124079,0.00124079
13,658.025,1.46745,1.93407,1.25799,0.00499,1.70671,0.52619,0.42902,0.43998,0.22673,0.47103,0.38265,0.37954,0.17853,1.57329,2.01245,1.80032,0.00655,0,0.00123904,0.00123904,0.00123904
14,708.307,1.464,1.90606,1.23508,0.00484,1.68977,0.52781,0.44865,0.43443,0.23793,0.48483,0.40951,0.38259,0.18725,1.49793,1.90681,1.45645,0.00642,0,0.00123714,0.00123714,0.00123714
15,757.929,1.44957,1.90765,1.24984,0.005,1.69546,0.5716,0.46527,0.50968,0.2613,0.54613,0.41663,0.44983,0.21436,1.50156,1.8344,1.33574,0.00638,0,0.0012351,0.0012351,0.0012351
16,808.528,1.465,1.89383,1.2097,0.00479,1.60897,0.59781,0.48659,0.51644,0.26668,0.5638,0.44776,0.46636,0.21125,1.517,1.90697,1.38183,0.00638,0,0.0012329,0.0012329,0.0012329
17,858.77,1.4554,1.87415,1.19805,0.00476,1.62566,0.57984,0.44874,0.48846,0.26975,0.55445,0.42366,0.44347,0.21334,1.52114,1.9094,1.29441,0.00636,0,0.00123056,0.00123056,0.00123056
18,909.287,1.45563,1.89118,1.20112,0.00488,1.62191,0.53769,0.51703,0.51914,0.27069,0.53277,0.45527,0.46007,0.21896,1.5054,1.88589,1.30206,0.00635,0,0.00122807,0.00122807,0.00122807
19,959.179,1.4542,1.86465,1.18594,0.00481,1.59147,0.60158,0.53269,0.55429,0.31,0.57167,0.47482,0.49083,0.243,1.445,1.8549,1.47263,0.00598,0,0.00122543,0.00122543,0.00122543
20,1010.08,1.4129,1.82102,1.15749,0.00466,1.55644,0.59671,0.54251,0.57146,0.30691,0.57989,0.49413,0.5062,0.23662,1.44037,1.80105,1.21388,0.00593,0,0.00122265,0.00122265,0.00122265
21,1060.28,1.44276,1.85757,1.19404,0.00481,1.58511,0.52966,0.50918,0.51621,0.26864,0.51228,0.44873,0.45525,0.20051,1.51456,1.87229,1.66096,0.00636,0,0.00121972,0.00121972,0.00121972
22,1110.79,1.42678,1.83531,1.15318,0.00478,1.55435,0.55704,0.51429,0.51458,0.27031,0.49159,0.44874,0.43675,0.20338,1.59733,1.99004,1.45294,0.00649,0,0.00121664,0.00121664,0.00121664
23,1160.84,1.4187,1.81234,1.14469,0.00457,1.54492,0.56529,0.50685,0.52781,0.27545,0.52813,0.48284,0.47741,0.22837,1.47352,1.84671,1.34135,0.00622,0,0.00121342,0.00121342,0.00121342
24,1211.14,1.41613,1.82773,1.16102,0.00468,1.56846,0.59022,0.52725,0.53108,0.2811,0.55333,0.48949,0.47545,0.21581,1.44757,1.85053,1.22238,0.00607,0,0.00121006,0.00121006,0.00121006
25,1261.05,1.42364,1.84871,1.16762,0.00465,1.58279,0.54738,0.46571,0.48434,0.26134,0.50228,0.41803,0.4189,0.19889,1.46948,1.84848,1.30603,0.00642,0,0.00120655,0.00120655,0.00120655
26,1311.61,1.41775,1.80871,1.14609,0.00468,1.56502,0.61716,0.54118,0.5737,0.30495,0.57222,0.49204,0.5044,0.23836,1.46142,1.84042,1.23961,0.0061,0,0.0012029,0.0012029,0.0012029
27,1361.73,1.41593,1.81628,1.14797,0.00457,1.50692,0.56835,0.53177,0.53448,0.29092,0.54172,0.47506,0.47297,0.22308,1.44436,1.90075,1.23854,0.00598,0,0.00119911,0.00119911,0.00119911
28,1412.25,1.40445,1.79725,1.11851,0.00453,1.45559,0.64724,0.54028,0.58727,0.3077,0.58987,0.50386,0.52096,0.24653,1.46594,1.85678,1.21971,0.0061,0,0.00119518,0.00119518,0.00119518
29,1462.37,1.39676,1.79374,1.11758,0.00458,1.51851,0.62733,0.52879,0.57814,0.32468,0.61048,0.47781,0.51097,0.24592,1.42456,1.77706,1.16095,0.00606,0,0.00119111,0.00119111,0.00119111
30,1513.27,1.40225,1.80316,1.11015,0.00453,1.44879,0.63053,0.55177,0.58851,0.33555,0.59962,0.51491,0.5327,0.25884,1.40453,1.80658,1.18175,0.00562,0,0.0011869,0.0011869,0.0011869
31,1563.71,1.40848,1.78638,1.11179,0.00442,1.4499,0.60671,0.56921,0.58217,0.31622,0.55338,0.54031,0.52118,0.25116,1.46237,1.78663,1.21817,0.00595,0,0.00118256,0.00118256,0.00118256
32,1614.37,1.4097,1.79889,1.12366,0.00445,1.47834,0.62125,0.54938,0.58783,0.31995,0.57926,0.51438,0.52773,0.25665,1.44454,1.78272,1.18213,0.00582,0,0.00117808,0.00117808,0.00117808
33,1664.07,1.37714,1.76768,1.10452,0.00451,1.46482,0.5936,0.55323,0.56934,0.32601,0.54863,0.5065,0.49578,0.24282,1.40403,1.77707,1.18009,0.00574,0,0.00117346,0.00117346,0.00117346
34,1714.73,1.38964,1.77071,1.10857,0.00452,1.47177,0.65385,0.56854,0.60596,0.33863,0.61449,0.53091,0.54465,0.25526,1.40753,1.74358,1.15489,0.00572,0,0.00116872,0.00116872,0.00116872
35,1764.78,1.38884,1.76992,1.09382,0.00446,1.40054,0.60479,0.5573,0.57344,0.30173,0.56944,0.49405,0.49628,0.23245,1.46557,1.78008,1.37248,0.00595,0,0.00116383,0.00116383,0.00116383
36,1815.45,1.36355,1.74768,1.06959,0.0044,1.37293,0.65349,0.6034,0.62701,0.34592,0.61788,0.55484,0.56443,0.27015,1.40235,1.72997,1.10034,0.00553,0,0.00115882,0.00115882,0.00115882
37,1865.77,1.37848,1.76556,1.06681,0.00442,1.37512,0.61258,0.57689,0.59744,0.33795,0.58057,0.54074,0.53881,0.26593,1.36519,1.72072,1.12497,0.00559,0,0.00115368,0.00115368,0.00115368
38,1916.37,1.38242,1.75386,1.07726,0.00441,1.43434,0.6345,0.57117,0.58065,0.31434,0.5959,0.53662,0.5228,0.25326,1.40102,1.74373,1.12954,0.00572,0,0.00114841,0.00114841,0.00114841
39,1966.6,1.3671,1.72649,1.0491,0.00443,1.36811,0.6437,0.60789,0.62862,0.34579,0.63038,0.55625,0.5614,0.26251,1.39279,1.70391,1.10453,0.00579,0,0.00114301,0.00114301,0.00114301
40,2017.43,1.36968,1.74167,1.0487,0.00427,1.36103,0.64395,0.57737,0.6267,0.34741,0.61335,0.54927,0.56593,0.26635,1.41306,1.74555,1.16525,0.0057,0,0.00113748,0.00113748,0.00113748
41,2067.29,1.34263,1.72172,1.04416,0.00433,1.33704,0.67729,0.56623,0.62973,0.35955,0.64331,0.53636,0.57011,0.28372,1.3762,1.73648,1.16336,0.00558,0,0.00113183,0.00113183,0.00113183
42,2117.83,1.35839,1.71426,1.04223,0.0043,1.37759,0.66369,0.57201,0.61934,0.35039,0.63099,0.54156,0.55028,0.26418,1.36307,1.72841,1.08895,0.00558,0,0.00112605,0.00112605,0.00112605
43,2167.7,1.35472,1.73505,1.05254,0.00429,1.37178,0.67222,0.61175,0.65685,0.36817,0.64402,0.56071,0.59316,0.28021,1.35242,1.69421,1.068,0.0055,0,0.00112016,0.00112016,0.00112016
44,2218.3,1.34756,1.70323,1.02947,0.0043,1.33674,0.64597,0.5872,0.62666,0.35705,0.61746,0.5459,0.55408,0.27938,1.37344,1.71742,1.13439,0.00573,0,0.00111414,0.00111414,0.00111414
45,2268.05,1.34868,1.71499,1.04453,0.00429,1.35628,0.67992,0.60171,0.65056,0.36097,0.62488,0.55659,0.57583,0.27549,1.386,1.73846,1.11574,0.00562,0,0.00110801,0.00110801,0.00110801
46,2318.1,1.358,1.7285,1.05165,0.00426,1.35158,0.68572,0.56196,0.63049,0.34198,0.64438,0.53318,0.56577,0.27505,1.41927,1.75322,1.18359,0.00586,0,0.00110175,0.00110175,0.00110175
47,2367.81,1.35331,1.71717,1.04802,0.00427,1.388,0.66996,0.5616,0.61477,0.34955,0.62034,0.517,0.53489,0.26925,1.36427,1.70487,1.11593,0.00564,0,0.00109538,0.00109538,0.00109538
48,2417.96,1.33675,1.70505,1.02236,0.00429,1.35087,0.67997,0.6219,0.66266,0.37478,0.67087,0.56328,0.59816,0.29088,1.37236,1.69952,1.07431,0.0055,0,0.0010889,0.0010889,0.0010889
49,2467.86,1.33982,1.70651,1.0188,0.00416,1.32878,0.70341,0.59607,0.66293,0.3712,0.6688,0.55152,0.59126,0.28084,1.38296,1.66083,1.09836,0.00571,0,0.0010823,0.0010823,0.0010823
50,2517.96,1.3441,1.70089,1.02893,0.00428,1.32653,0.70435,0.59808,0.64855,0.37289,0.66558,0.56339,0.58423,0.29083,1.31978,1.63654,1.05291,0.00522,0,0.00107559,0.00107559,0.00107559
51,2567.84,1.33271,1.69192,1.01022,0.00421,1.34962,0.67603,0.56245,0.63288,0.36894,0.6362,0.52488,0.56254,0.28301,1.35942,1.72808,1.0896,0.00553,0,0.00106877,0.00106877,0.00106877
52,2617.92,1.3498,1.72202,1.02084,0.0042,1.32672,0.69947,0.59212,0.65163,0.36776,0.65548,0.56617,0.58053,0.28741,1.34813,1.66547,1.09828,0.00548,0,0.00106185,0.00106185,0.00106185
53,2667.64,1.33153,1.70237,1.02792,0.00422,1.31703,0.68534,0.60339,0.64307,0.37323,0.64711,0.56971,0.58417,0.28821,1.33713,1.62576,1.07969,0.00549,0,0.00105481,0.00105481,0.00105481
54,2717.66,1.33669,1.68898,1.0114,0.00418,1.28917,0.6716,0.63951,0.66092,0.37393,0.63043,0.596,0.58414,0.28838,1.37728,1.68916,1.05632,0.0056,0,0.00104768,0.00104768,0.00104768
55,2767.47,1.33314,1.67666,0.98418,0.0042,1.23776,0.64585,0.62873,0.6595,0.37332,0.58842,0.59983,0.58772,0.28608,1.36473,1.69884,1.01347,0.00545,0,0.00104044,0.00104044,0.00104044
56,2817.66,1.33168,1.67768,0.99374,0.00414,1.24253,0.69107,0.59957,0.66381,0.37647,0.6565,0.56992,0.59311,0.28826,1.35782,1.71767,1.0736,0.00543,0,0.0010331,0.0010331,0.0010331
57,2867.33,1.31055,1.64727,0.97886,0.00408,1.26285,0.67257,0.62749,0.67174,0.38256,0.63296,0.6006,0.60578,0.28801,1.3246,1.64239,1.05095,0.00543,0,0.00102566,0.00102566,0.00102566
58,2917.94,1.32521,1.66936,0.9924,0.00419,1.28687,0.72214,0.61116,0.67574,0.39577,0.67799,0.58508,0.61208,0.30765,1.29693,1.59942,1.01057,0.00524,0,0.00101812,0.00101812,0.00101812
59,2967.98,1.32233,1.65854,0.98533,0.00408,1.245,0.67725,0.62735,0.66415,0.38196,0.64193,0.57705,0.59137,0.29004,1.34085,1.68294,1.07669,0.00536,0,0.00101049,0.00101049,0.00101049
60,3018.28,1.30791,1.64682,0.97238,0.00406,1.22696,0.70572,0.57626,0.66454,0.38583,0.67762,0.5501,0.60573,0.30473,1.33908,1.69549,1.09382,0.00526,0,0.00100276,0.00100276,0.00100276
61,3068.07,1.31232,1.66812,0.97706,0.00408,1.2473,0.70626,0.62177,0.68177,0.40018,0.67332,0.58372,0.61194,0.29905,1.33057,1.69507,1.08101,0.00535,0,0.000994942,0.000994942,0.000994942
62,3118.38,1.307,1.64595,0.97802,0.00408,1.2581,0.69306,0.62319,0.67217,0.38373,0.65604,0.59134,0.60656,0.29145,1.34069,1.66119,1.0512,0.00531,0,0.000987034,0.000987034,0.000987034
63,3167.94,1.30981,1.65041,0.9818,0.00411,1.25127,0.71282,0.63071,0.68646,0.39327,0.66784,0.5978,0.61628,0.30257,1.32566,1.62426,0.97698,0.00538,0,0.000979039,0.000979039,0.000979039
64,3218.2,1.31014,1.64197,0.95467,0.00402,1.21893,0.70075,0.62715,0.68681,0.4059,0.67387,0.592,0.61651,0.30325,1.28184,1.61896,1.00378,0.00521,0,0.000970958,0.000970958,0.000970958
65,3268,1.30142,1.646,0.9537,0.00406,1.20409,0.69824,0.62271,0.68092,0.40027,0.66815,0.5853,0.61427,0.31473,1.31745,1.64712,1.01721,0.00526,0,0.000962793,0.000962793,0.000962793
66,3318.68,1.32398,1.66532,0.96553,0.00411,1.21588,0.6531,0.65398,0.68994,0.39073,0.62148,0.61973,0.62332,0.31263,1.34998,1.63404,1.01196,0.00545,0,0.000954546,0.000954546,0.000954546
67,3368.09,1.29379,1.63921,0.95297,0.00404,1.2062,0.68432,0.62751,0.6823,0.39952,0.66993,0.57282,0.61726,0.3063,1.32758,1.66032,1.0469,0.00525,0,0.000946219,0.000946219,0.000946219
68,3418.1,1.29281,1.64083,0.95308,0.00398,1.21218,0.69244,0.65724,0.6889,0.40904,0.66051,0.61562,0.625,0.31775,1.30817,1.64131,0.9982,0.00519,0,0.000937815,0.000937815,0.000937815
69,3468,1.29168,1.62278,0.95499,0.00399,1.19657,0.68123,0.62162,0.67087,0.39658,0.6719,0.58164,0.61336,0.30381,1.32348,1.6581,1.04261,0.00531,0,0.000929335,0.000929335,0.000929335
70,3518.16,1.29977,1.63026,0.95847,0.00398,1.20136,0.69376,0.65064,0.69833,0.4125,0.63855,0.61073,0.61635,0.31312,1.29463,1.63424,0.97103,0.00512,0,0.000920782,0.000920782,0.000920782
71,3567.85,1.29094,1.61918,0.93816,0.00398,1.17988,0.72243,0.61906,0.69707,0.40553,0.68035,0.58623,0.62431,0.31034,1.30437,1.61658,0.98463,0.00525,0,0.000912157,0.000912157,0.000912157
72,3618.08,1.2857,1.62572,0.9361,0.00401,1.15438,0.74868,0.61842,0.69643,0.40298,0.71007,0.57997,0.62188,0.30478,1.3327,1.65445,1.03297,0.00533,0,0.000903462,0.000903462,0.000903462
73,3667.76,1.28469,1.60886,0.92508,0.004,1.15474,0.70589,0.6549,0.69678,0.4129,0.66937,0.61898,0.62866,0.31545,1.32423,1.61599,0.98661,0.0052,0,0.000894701,0.000894701,0.000894701
74,3718.35,1.28339,1.60661,0.93162,0.00391,1.16502,0.69124,0.6552,0.70607,0.41478,0.6666,0.59368,0.63509,0.32575,1.31141,1.61922,0.9859,0.00522,0,0.000885875,0.000885875,0.000885875
75,3767.96,1.28743,1.61232,0.93286,0.00399,1.16324,0.73671,0.64679,0.71695,0.41851,0.68701,0.60685,0.63922,0.32545,1.28694,1.61742,0.98983,0.00514,0,0.000876985,0.000876985,0.000876985
76,3818.26,1.27666,1.60068,0.91425,0.00391,1.13469,0.72156,0.63311,0.69541,0.39818,0.67942,0.59143,0.62363,0.31268,1.32416,1.64158,0.98973,0.00523,0,0.000868035,0.000868035,0.000868035
77,3867.91,1.2886,1.61514,0.93932,0.00394,1.19084,0.71324,0.65933,0.7215,0.41964,0.67283,0.61534,0.64172,0.32879,1.29353,1.6064,0.98657,0.00524,0,0.000859027,0.000859027,0.000859027
78,3918.15,1.28256,1.63038,0.92653,0.00394,1.18009,0.71056,0.65069,0.70419,0.41275,0.66316,0.60752,0.62234,0.31798,1.30178,1.61112,0.96664,0.00526,0,0.000849963,0.000849963,0.000849963
79,3967.99,1.2839,1.59424,0.90937,0.00386,1.14247,0.70555,0.67215,0.72389,0.42293,0.6545,0.62116,0.64073,0.317,1.2923,1.58509,0.96301,0.00508,0,0.000840844,0.000840844,0.000840844
80,4018.62,1.28283,1.59698,0.90636,0.0039,1.13696,0.67044,0.65985,0.70201,0.41585,0.63934,0.62977,0.63782,0.3241,1.28132,1.57849,0.95807,0.00516,0,0.000831674,0.000831674,0.000831674
81,4068.04,1.27176,1.59212,0.91078,0.00393,1.11484,0.72333,0.637,0.70346,0.41637,0.69027,0.60268,0.6395,0.31742,1.29662,1.57172,0.97733,0.0051,0,0.000822454,0.000822454,0.000822454
82,4118.33,1.27002,1.59231,0.90509,0.00391,1.11409,0.72203,0.65563,0.72803,0.42496,0.66244,0.62923,0.65481,0.34022,1.28361,1.55792,0.95218,0.00511,0,0.000813187,0.000813187,0.000813187
83,4168.33,1.28183,1.59966,0.90765,0.00384,1.10307,0.72224,0.65776,0.71937,0.4278,0.67699,0.62272,0.65138,0.32517,1.2695,1.59854,0.93537,0.00494,0,0.000803876,0.000803876,0.000803876
84,4218.6,1.26843,1.58252,0.90192,0.00393,1.10478,0.67845,0.68661,0.71382,0.43087,0.6329,0.63978,0.63615,0.32761,1.28012,1.59709,0.92618,0.00503,0,0.000794521,0.000794521,0.000794521
85,4268.22,1.25284,1.57033,0.89419,0.00386,1.13523,0.73191,0.61379,0.70606,0.42112,0.67486,0.59155,0.63104,0.31935,1.31186,1.61006,0.99305,0.00514,0,0.000785127,0.000785127,0.000785127
86,4318.37,1.26494,1.56869,0.89272,0.0038,1.10609,0.71294,0.63014,0.69931,0.40946,0.69986,0.5931,0.64208,0.327,1.29351,1.57695,0.96392,0.00523,0,0.000775694,0.000775694,0.000775694
87,4368.58,1.26276,1.56799,0.89004,0.00373,1.11232,0.7228,0.65765,0.72431,0.43676,0.68039,0.62646,0.65557,0.32735,1.26807,1.55267,0.92469,0.00504,0,0.000766226,0.000766226,0.000766226
88,4419.15,1.25194,1.56591,0.88108,0.00384,1.05784,0.73997,0.64057,0.72051,0.4364,0.69936,0.62147,0.65871,0.33618,1.27516,1.59815,0.96816,0.00496,0,0.000756725,0.000756725,0.000756725
89,4469.38,1.26189,1.57695,0.89408,0.00383,1.10447,0.73946,0.62999,0.72301,0.42657,0.70812,0.57363,0.64562,0.32097,1.2972,1.60091,0.9639,0.00514,0,0.000747192,0.000747192,0.000747192
90,4520.01,1.25619,1.56008,0.87991,0.00376,1.07432,0.73916,0.61568,0.7066,0.42092,0.71634,0.58133,0.64724,0.32626,1.29909,1.58468,0.95392,0.00522,0,0.000737631,0.000737631,0.000737631
91,4570.06,1.23515,1.54315,0.87167,0.00384,1.05018,0.74061,0.63185,0.71625,0.42943,0.69469,0.59938,0.64812,0.32795,1.26356,1.58316,0.95419,0.00493,0,0.000728044,0.000728044,0.000728044
92,4620.42,1.24502,1.55473,0.88212,0.00378,1.08313,0.75636,0.64012,0.71762,0.43152,0.72769,0.59561,0.64795,0.3345,1.25874,1.55048,0.95592,0.00504,0,0.000718433,0.000718433,0.000718433
93,4670.28,1.24435,1.54558,0.86496,0.00377,1.05044,0.7775,0.64353,0.7286,0.43232,0.72594,0.60299,0.65562,0.33863,1.24073,1.55145,0.95226,0.00486,0,0.0007088,0.0007088,0.0007088
94,4720.75,1.22228,1.53693,0.86579,0.00383,1.08618,0.73747,0.65803,0.71638,0.43568,0.69738,0.62655,0.64698,0.3349,1.26055,1.58101,0.9308,0.00498,0,0.000699148,0.000699148,0.000699148
95,4770.64,1.22313,1.53377,0.86612,0.00373,1.06471,0.70963,0.68815,0.73786,0.45017,0.68776,0.66143,0.68283,0.34478,1.22867,1.54042,0.91679,0.0048,0,0.00068948,0.00068948,0.00068948
96,4821.1,1.23486,1.55101,0.86449,0.00378,1.03652,0.76101,0.66502,0.73908,0.44781,0.72518,0.61951,0.67148,0.3463,1.23737,1.54638,0.8962,0.00479,0,0.000679797,0.000679797,0.000679797
97,4870.8,1.24182,1.54347,0.8655,0.00371,1.04251,0.76149,0.67269,0.74511,0.45012,0.72732,0.63726,0.68299,0.34882,1.23584,1.53693,0.90354,0.00475,0,0.000670102,0.000670102,0.000670102
98,4921.47,1.22769,1.53078,0.84854,0.00368,1.03761,0.72669,0.68277,0.73333,0.44682,0.67823,0.61875,0.65097,0.33293,1.25265,1.55982,0.90698,0.00487,0,0.000660397,0.000660397,0.000660397
99,4971.04,1.21814,1.53069,0.8618,0.00376,1.06238,0.72139,0.67035,0.73101,0.44575,0.69226,0.61661,0.659,0.34441,1.24001,1.56746,0.91219,0.0048,0,0.000650685,0.000650685,0.000650685
100,5021.36,1.2326,1.53504,0.86458,0.00377,1.05232,0.71586,0.67391,0.72484,0.43476,0.67192,0.63083,0.65204,0.33819,1.26641,1.59482,0.94962,0.00507,0,0.000640969,0.000640969,0.000640969
101,5071.23,1.23076,1.52854,0.85875,0.00371,1.03995,0.75507,0.65708,0.73261,0.44293,0.70261,0.61213,0.65455,0.34413,1.24096,1.54815,0.91085,0.00485,0,0.00063125,0.00063125,0.00063125
102,5121.79,1.23384,1.54654,0.85708,0.00367,1.03309,0.73589,0.67052,0.74381,0.44438,0.69111,0.63122,0.67204,0.34272,1.24279,1.53443,0.89844,0.00489,0,0.000621531,0.000621531,0.000621531
103,5171.62,1.21769,1.52783,0.83916,0.00367,1.01133,0.74103,0.65164,0.73405,0.4486,0.67174,0.6221,0.65858,0.34237,1.23263,1.55204,0.92391,0.00474,0,0.000611815,0.000611815,0.000611815
104,5222.03,1.22627,1.52754,0.85076,0.00372,1.00777,0.73572,0.66859,0.73251,0.44064,0.69412,0.62373,0.65709,0.33745,1.2586,1.58312,0.93094,0.00494,0,0.000602103,0.000602103,0.000602103
105,5271.87,1.21795,1.52501,0.84305,0.00373,1.00003,0.72233,0.6987,0.74519,0.4486,0.68977,0.64713,0.67279,0.34905,1.2609,1.56115,0.90085,0.00495,0,0.000592398,0.000592398,0.000592398
106,5322.5,1.22865,1.51882,0.83819,0.0036,1.01187,0.74015,0.66646,0.73907,0.44881,0.70754,0.6293,0.67577,0.34762,1.24907,1.5616,0.91088,0.00493,0,0.000582703,0.000582703,0.000582703
107,5372.56,1.22362,1.51404,0.83202,0.00365,0.98495,0.73925,0.67898,0.74061,0.44928,0.70115,0.64295,0.67987,0.34944,1.25375,1.54325,0.91818,0.00479,0,0.00057302,0.00057302,0.00057302
108,5423.11,1.22755,1.52959,0.83923,0.0037,1.02674,0.7381,0.6579,0.7405,0.46021,0.70776,0.62956,0.67498,0.35007,1.21355,1.53734,0.89673,0.00469,0,0.000563352,0.000563352,0.000563352
109,5473.39,1.21788,1.51061,0.8241,0.00357,0.98349,0.74927,0.66445,0.74574,0.45655,0.71438,0.63944,0.6843,0.35229,1.25525,1.55287,0.92543,0.00485,0,0.0005537,0.0005537,0.0005537
110,5523.99,1.22463,1.51156,0.81782,0.0035,0.97009,0.74782,0.69254,0.7512,0.46306,0.70401,0.66356,0.68936,0.35819,1.22132,1.53238,0.87636,0.00475,0,0.000544067,0.000544067,0.000544067
111,5574.42,1.216,1.50791,0.82431,0.00354,0.98371,0.7418,0.69612,0.75175,0.46175,0.71927,0.64191,0.69246,0.36154,1.2253,1.51942,0.8841,0.00478,0,0.000534456,0.000534456,0.000534456
112,5625.17,1.20919,1.50463,0.82218,0.0036,0.96412,0.7331,0.67557,0.73897,0.44974,0.69946,0.64538,0.67796,0.34554,1.25865,1.5463,0.91029,0.00499,0,0.000524869,0.000524869,0.000524869
113,5675.25,1.21152,1.49256,0.81988,0.00351,0.94174,0.73862,0.67998,0.74278,0.4549,0.69556,0.64704,0.68016,0.35116,1.22703,1.54037,0.89358,0.00478,0,0.000515308,0.000515308,0.000515308
114,5725.96,1.20575,1.49071,0.80984,0.00354,0.95332,0.74975,0.68761,0.75096,0.46077,0.74024,0.62687,0.68105,0.35896,1.23358,1.5509,0.88859,0.00481,0,0.000505775,0.000505775,0.000505775
115,5775.76,1.19766,1.48266,0.80159,0.00357,0.95905,0.74565,0.66946,0.74802,0.45415,0.69468,0.66465,0.69033,0.35547,1.22703,1.51297,0.89251,0.00485,0,0.000496274,0.000496274,0.000496274
116,5825.99,1.19209,1.47509,0.81,0.00358,0.98162,0.74289,0.66911,0.74014,0.45109,0.70408,0.64206,0.67378,0.34475,1.2296,1.54318,0.92463,0.00476,0,0.000486806,0.000486806,0.000486806
117,5875.73,1.1941,1.48086,0.80878,0.00352,0.96222,0.77061,0.65404,0.74836,0.46103,0.7304,0.62768,0.68256,0.35387,1.24034,1.52851,0.92788,0.00482,0,0.000477373,0.000477373,0.000477373
118,5925.97,1.18997,1.47083,0.7953,0.0035,0.93023,0.72418,0.68412,0.74364,0.45822,0.69309,0.64554,0.68485,0.3625,1.24612,1.56251,0.91117,0.00473,0,0.000467979,0.000467979,0.000467979
119,5976.12,1.20527,1.49029,0.80407,0.00348,0.94226,0.75197,0.69532,0.75298,0.46412,0.71302,0.66213,0.68957,0.36053,1.23591,1.54694,0.89491,0.00462,0,0.000458624,0.000458624,0.000458624
120,6027,1.19119,1.4767,0.79632,0.00346,0.96605,0.77772,0.65595,0.75736,0.46268,0.7548,0.62219,0.69378,0.3556,1.21194,1.51887,0.8844,0.00467,0,0.000449313,0.000449313,0.000449313
121,6077.15,1.18471,1.47733,0.78169,0.00349,0.93293,0.78497,0.66762,0.7528,0.46922,0.75119,0.63281,0.6898,0.35891,1.21601,1.53215,0.89388,0.00466,0,0.000440046,0.000440046,0.000440046
122,6128,1.17156,1.45151,0.77845,0.00347,0.91356,0.74594,0.67038,0.75211,0.46697,0.71591,0.64134,0.69031,0.36592,1.23343,1.50722,0.89053,0.00469,0,0.000430826,0.000430826,0.000430826
123,6178.44,1.18121,1.46003,0.78579,0.00345,0.93088,0.72901,0.68347,0.75566,0.47271,0.68838,0.65237,0.69095,0.36242,1.21415,1.52852,0.88352,0.00465,0,0.000421656,0.000421656,0.000421656
124,6229.36,1.18668,1.46385,0.77583,0.00343,0.89203,0.73572,0.68597,0.76079,0.47405,0.69937,0.64495,0.69148,0.36175,1.22662,1.50387,0.87802,0.00467,0,0.000412537,0.000412537,0.000412537
125,6279.58,1.16759,1.45096,0.77281,0.00354,0.91571,0.74701,0.68734,0.76251,0.47128,0.70686,0.64645,0.68631,0.36249,1.23025,1.52119,0.89106,0.00467,0,0.000403473,0.000403473,0.000403473
126,6330.14,1.18256,1.47106,0.78073,0.00342,0.91218,0.73734,0.67296,0.75482,0.46486,0.73992,0.6123,0.68631,0.35969,1.20648,1.52861,0.90114,0.00464,0,0.000394465,0.000394465,0.000394465
127,6380.1,1.17146,1.45912,0.77523,0.00337,0.8976,0.7621,0.67406,0.75456,0.46708,0.74688,0.62779,0.69691,0.36454,1.20595,1.50653,0.89286,0.00469,0,0.000385515,0.000385515,0.000385515
128,6430.92,1.17024,1.44836,0.77379,0.00341,0.90052,0.74935,0.6845,0.75731,0.47234,0.7098,0.64383,0.69233,0.36642,1.21927,1.51523,0.89468,0.00467,0,0.000376625,0.000376625,0.000376625
129,6481.2,1.16507,1.44043,0.76162,0.00335,0.86408,0.7693,0.67233,0.76043,0.47165,0.70673,0.63567,0.68166,0.35886,1.21633,1.51413,0.88413,0.00464,0,0.000367799,0.000367799,0.000367799
130,6531.9,1.16946,1.45037,0.76307,0.00335,0.89722,0.76005,0.68088,0.76131,0.47915,0.72398,0.64848,0.70233,0.37008,1.20194,1.50697,0.88398,0.00459,0,0.000359038,0.000359038,0.000359038
131,6581.67,1.14632,1.41794,0.76054,0.00344,0.89923,0.75054,0.68047,0.75272,0.47464,0.71211,0.65206,0.69112,0.36229,1.206,1.519,0.88392,0.00462,0,0.000350343,0.000350343,0.000350343
132,6632.09,1.15868,1.44286,0.76305,0.00341,0.89211,0.72146,0.70093,0.74378,0.46881,0.69384,0.67763,0.69044,0.36005,1.20123,1.52889,0.89145,0.00468,0,0.000341718,0.000341718,0.000341718
133,6682.15,1.16283,1.4381,0.74906,0.00332,0.88802,0.75451,0.68655,0.75041,0.47072,0.728,0.64674,0.6916,0.36543,1.20955,1.53231,0.89946,0.00468,0,0.000333165,0.000333165,0.000333165
134,6732.66,1.16908,1.4435,0.75988,0.00333,0.87776,0.7288,0.69494,0.75502,0.47487,0.69376,0.6647,0.69132,0.36204,1.20266,1.53141,0.87454,0.00464,0,0.000324685,0.000324685,0.000324685
135,6782.87,1.16304,1.44038,0.75221,0.00329,0.86014,0.70205,0.72013,0.754,0.47806,0.69526,0.64673,0.68716,0.36599,1.20953,1.53528,0.89279,0.00463,0,0.000316281,0.000316281,0.000316281
136,6833.7,1.1723,1.45213,0.76055,0.00331,0.86806,0.75924,0.69447,0.76157,0.48206,0.72193,0.65482,0.69648,0.36322,1.19621,1.51771,0.90323,0.00462,0,0.000307954,0.000307954,0.000307954
137,6883.39,1.15662,1.42863,0.74868,0.0033,0.85295,0.73723,0.70915,0.75576,0.4759,0.69785,0.68,0.69968,0.37143,1.20247,1.51962,0.88059,0.00467,0,0.000299707,0.000299707,0.000299707
138,6933.88,1.14106,1.41593,0.74179,0.00327,0.84017,0.76522,0.68993,0.76617,0.4828,0.7247,0.65542,0.70278,0.37373,1.20361,1.51949,0.87724,0.00469,0,0.000291542,0.000291542,0.000291542
139,6984.33,1.15762,1.42761,0.74593,0.00332,0.87174,0.73595,0.69229,0.75893,0.4791,0.69944,0.65888,0.69823,0.37282,1.21181,1.49932,0.89577,0.0047,0,0.000283461,0.000283461,0.000283461
140,7034.7,1.15069,1.42153,0.75011,0.00333,0.83279,0.7422,0.68482,0.75426,0.47281,0.73443,0.64285,0.69449,0.3708,1.21055,1.50882,0.91643,0.00469,0,0.000275466,0.000275466,0.000275466
141,7084.53,1.15625,1.42489,0.74393,0.00333,0.81724,0.74687,0.68946,0.76291,0.48109,0.7149,0.66071,0.70351,0.37496,1.20317,1.49548,0.89479,0.00467,0,0.000267558,0.000267558,0.000267558
142,7134.79,1.15525,1.43605,0.74404,0.00332,0.8565,0.75124,0.7012,0.76736,0.48354,0.7362,0.66121,0.70909,0.37249,1.19754,1.51751,0.87326,0.00459,0,0.00025974,0.00025974,0.00025974
143,7184.41,1.1459,1.40382,0.7443,0.00333,0.83233,0.77269,0.66228,0.7546,0.47616,0.74453,0.63687,0.69822,0.37369,1.19519,1.51051,0.90298,0.00454,0,0.000252014,0.000252014,0.000252014
144,7234.66,1.13798,1.39726,0.73064,0.00328,0.81876,0.75152,0.69326,0.76074,0.47874,0.71527,0.65612,0.69568,0.36962,1.19791,1.50761,0.88943,0.00462,0,0.000244381,0.000244381,0.000244381
145,7284.51,1.13135,1.40339,0.72371,0.00325,0.82649,0.71952,0.71495,0.76092,0.48418,0.70174,0.66866,0.69758,0.37477,1.1925,1.52287,0.87286,0.00455,0,0.000236844,0.000236844,0.000236844
146,7334.86,1.11573,1.37872,0.72115,0.00326,0.82411,0.74027,0.69708,0.76044,0.48264,0.71005,0.66098,0.69433,0.37277,1.18954,1.51572,0.88668,0.00456,0,0.000229404,0.000229404,0.000229404
147,7384.68,1.14465,1.41321,0.73023,0.00321,0.81507,0.7274,0.70979,0.75488,0.47958,0.7109,0.66089,0.6981,0.36422,1.20145,1.53716,0.90163,0.0046,0,0.000222063,0.000222063,0.000222063
148,7434.93,1.14609,1.41396,0.72605,0.00328,0.83774,0.75682,0.67662,0.76148,0.48699,0.68818,0.67348,0.70302,0.3747,1.19856,1.50304,0.87593,0.00459,0,0.000214824,0.000214824,0.000214824
149,7484.59,1.13246,1.39927,0.72076,0.00329,0.81636,0.75422,0.68255,0.76457,0.48623,0.71906,0.65297,0.69964,0.37549,1.19357,1.51747,0.89354,0.0046,0,0.000207686,0.000207686,0.000207686
150,7535.07,1.13859,1.39809,0.72338,0.00329,0.8175,0.763,0.69028,0.76344,0.48466,0.73124,0.6626,0.7042,0.37182,1.20478,1.5198,0.88014,0.00458,0,0.000200654,0.000200654,0.000200654
151,7584.92,1.12432,1.39037,0.71329,0.00321,0.8085,0.77194,0.69329,0.76826,0.4912,0.73532,0.65617,0.70846,0.3793,1.19749,1.50828,0.86447,0.00456,0,0.000193728,0.000193728,0.000193728
152,7635.37,1.13754,1.40151,0.71731,0.00318,0.816,0.79048,0.68273,0.77042,0.4928,0.74978,0.65544,0.70615,0.37942,1.20114,1.5146,0.88209,0.00451,0,0.000186909,0.000186909,0.000186909
153,7685.08,1.1153,1.38703,0.72275,0.00328,0.81103,0.75422,0.69249,0.76877,0.49072,0.71507,0.66026,0.69848,0.3704,1.20453,1.51507,0.8784,0.00459,0,0.000180201,0.000180201,0.000180201
154,7735.35,1.13408,1.40679,0.72099,0.00323,0.81119,0.74422,0.71016,0.76537,0.48642,0.70379,0.67474,0.69644,0.37039,1.2037,1.51806,0.87171,0.00458,0,0.000173603,0.000173603,0.000173603
155,7785.44,1.13227,1.39586,0.71397,0.00322,0.79223,0.75636,0.7036,0.76764,0.49028,0.72377,0.66815,0.70316,0.37226,1.19175,1.50808,0.86913,0.00454,0,0.000167119,0.000167119,0.000167119
156,7835.79,1.14585,1.40164,0.7155,0.00318,0.77481,0.73355,0.71891,0.76712,0.49023,0.71493,0.67894,0.70553,0.37845,1.19687,1.51093,0.87023,0.0045,0,0.000160749,0.000160749,0.000160749
157,7885.68,1.13673,1.3961,0.71146,0.00315,0.7892,0.78546,0.68093,0.76959,0.49249,0.76064,0.64943,0.70911,0.38245,1.193,1.5007,0.86178,0.00455,0,0.000154495,0.000154495,0.000154495
158,7935.88,1.11088,1.36271,0.69868,0.00326,0.78171,0.78114,0.68481,0.764,0.48619,0.74669,0.66481,0.70565,0.37885,1.19668,1.50731,0.86599,0.00463,0,0.000148359,0.000148359,0.000148359
159,7985.83,1.12809,1.37429,0.70467,0.00315,0.76519,0.75692,0.70261,0.76708,0.49192,0.74574,0.65354,0.70475,0.38025,1.19475,1.51091,0.87262,0.00459,0,0.000142342,0.000142342,0.000142342
160,8036.55,1.13251,1.38452,0.70508,0.00308,0.77313,0.76631,0.68859,0.7673,0.49262,0.72816,0.65342,0.70259,0.37763,1.19894,1.51451,0.88145,0.00456,0,0.000136445,0.000136445,0.000136445
161,8086.31,1.10988,1.35624,0.69792,0.00319,0.77704,0.75428,0.69929,0.77126,0.49794,0.71783,0.66689,0.71065,0.38643,1.19802,1.513,0.87164,0.00459,0,0.000130671,0.000130671,0.000130671
162,8136.89,1.12192,1.37728,0.70294,0.0032,0.77329,0.76682,0.69194,0.76868,0.49898,0.73257,0.66229,0.70791,0.38552,1.18924,1.5054,0.87241,0.00457,0,0.00012502,0.00012502,0.00012502
163,8186.8,1.10073,1.35061,0.69656,0.00318,0.76169,0.76655,0.70035,0.77071,0.49693,0.73859,0.66309,0.71152,0.38862,1.18649,1.50719,0.87884,0.00457,0,0.000119494,0.000119494,0.000119494
164,8237.35,1.12283,1.38338,0.70699,0.00317,0.77238,0.74729,0.70292,0.77148,0.49887,0.71034,0.66876,0.70775,0.38612,1.19442,1.50972,0.87304,0.0046,0,0.000114094,0.000114094,0.000114094
165,8287.25,1.11079,1.366,0.69541,0.00317,0.76669,0.75762,0.70413,0.77106,0.49893,0.73881,0.66188,0.70821,0.38606,1.18837,1.50134,0.87284,0.00458,0,0.000108822,0.000108822,0.000108822
166,8337.66,1.1168,1.36975,0.69278,0.00313,0.77082,0.74879,0.72042,0.77321,0.49783,0.74721,0.65454,0.7093,0.38578,1.19227,1.51992,0.87819,0.00454,0,0.000103679,0.000103679,0.000103679
167,8387.62,1.10732,1.36063,0.68683,0.00313,0.75381,0.75069,0.69806,0.76815,0.49696,0.72615,0.6584,0.7067,0.38473,1.19184,1.51583,0.88075,0.00457,0,9.86659e-05,9.86659e-05,9.86659e-05
168,8438,1.11523,1.36632,0.69357,0.00316,0.76841,0.72923,0.73237,0.77018,0.49821,0.69782,0.68701,0.70613,0.38615,1.18349,1.50789,0.88008,0.00448,0,9.37843e-05,9.37843e-05,9.37843e-05
169,8488.19,1.10289,1.35404,0.6862,0.0031,0.73501,0.73848,0.7272,0.77063,0.49797,0.70216,0.68964,0.70747,0.38291,1.18634,1.51171,0.86666,0.00456,0,8.90352e-05,8.90352e-05,8.90352e-05
170,8538.76,1.11418,1.37932,0.69559,0.00312,0.78052,0.74083,0.72375,0.77487,0.49818,0.70414,0.69319,0.71208,0.38709,1.19046,1.51131,0.87423,0.00452,0,8.442e-05,8.442e-05,8.442e-05
171,8589.11,1.11668,1.3711,0.69045,0.00316,0.76193,0.75143,0.70631,0.77546,0.50165,0.72362,0.671,0.71319,0.38514,1.18904,1.51178,0.87852,0.00452,0,7.99397e-05,7.99397e-05,7.99397e-05
172,8639.81,1.10279,1.35245,0.68654,0.00311,0.76022,0.75036,0.71173,0.77528,0.49839,0.71705,0.67292,0.71057,0.38543,1.18818,1.50207,0.87715,0.00458,0,7.55954e-05,7.55954e-05,7.55954e-05
173,8689.91,1.10568,1.36815,0.69596,0.00314,0.78067,0.74252,0.71566,0.77662,0.50024,0.70504,0.67673,0.71231,0.38586,1.18695,1.50076,0.88384,0.00457,0,7.13883e-05,7.13883e-05,7.13883e-05
174,8740.48,1.11082,1.35984,0.68735,0.0031,0.75768,0.769,0.70791,0.77924,0.50306,0.74693,0.6546,0.71569,0.38868,1.18894,1.50135,0.87905,0.00453,0,6.73192e-05,6.73192e-05,6.73192e-05
175,8790.6,1.11875,1.36514,0.68648,0.00306,0.7522,0.77177,0.69621,0.77631,0.501,0.73982,0.66346,0.71513,0.38728,1.18119,1.49694,0.87374,0.00449,0,6.33893e-05,6.33893e-05,6.33893e-05
176,8841.37,1.11955,1.37403,0.69244,0.00307,0.76512,0.76053,0.71043,0.77616,0.50108,0.75096,0.6636,0.71738,0.38685,1.17954,1.50164,0.8763,0.00448,0,5.95995e-05,5.95995e-05,5.95995e-05
177,8891.65,1.12025,1.37151,0.69175,0.00301,0.74557,0.76449,0.7132,0.77641,0.50283,0.74656,0.66936,0.72075,0.38987,1.18212,1.49424,0.86768,0.00455,0,5.59508e-05,5.59508e-05,5.59508e-05
178,8942.16,1.10747,1.35745,0.68481,0.00307,0.74165,0.77192,0.70877,0.77852,0.5026,0.74259,0.66766,0.71832,0.3893,1.18148,1.49889,0.87264,0.00454,0,5.2444e-05,5.2444e-05,5.2444e-05
179,8991.99,1.10002,1.35465,0.69059,0.00313,0.75097,0.77849,0.69139,0.77637,0.50185,0.75467,0.65724,0.72111,0.38698,1.18211,1.4984,0.86935,0.00456,0,4.908e-05,4.908e-05,4.908e-05
180,9042.48,1.10091,1.34787,0.68266,0.00305,0.74614,0.7772,0.70045,0.77772,0.50042,0.76195,0.65464,0.71699,0.38712,1.18139,1.49868,0.86666,0.00453,0,4.58597e-05,4.58597e-05,4.58597e-05
181,9091.36,1.34695,1.7152,0.84518,0.00509,0.68336,0.76754,0.70191,0.77596,0.49883,0.75906,0.6523,0.71184,0.37976,1.19211,1.50759,0.86874,0.00457,0,4.27838e-05,4.27838e-05,4.27838e-05
182,9138.67,1.34209,1.67094,0.80198,0.00488,0.61599,0.7594,0.69745,0.76979,0.49498,0.72833,0.66364,0.70474,0.37612,1.20407,1.52077,0.87459,0.00459,0,3.98531e-05,3.98531e-05,3.98531e-05
183,9185.42,1.31827,1.63282,0.77764,0.0049,0.60598,0.7662,0.70822,0.77367,0.4969,0.73131,0.67443,0.70556,0.37947,1.20682,1.52576,0.86817,0.00457,0,3.70683e-05,3.70683e-05,3.70683e-05
184,9232.54,1.31536,1.62522,0.77866,0.00489,0.60318,0.75998,0.71008,0.77414,0.49789,0.72916,0.67269,0.70573,0.37867,1.20238,1.52198,0.86621,0.00458,0,3.44301e-05,3.44301e-05,3.44301e-05
185,9279.14,1.30292,1.61246,0.77813,0.00478,0.60448,0.77386,0.70498,0.77607,0.49918,0.73591,0.67274,0.70789,0.37984,1.19648,1.52189,0.87006,0.00457,0,3.19392e-05,3.19392e-05,3.19392e-05
186,9326.2,1.29927,1.60282,0.77498,0.00483,0.59114,0.77289,0.70305,0.77739,0.50126,0.72204,0.68016,0.70707,0.38023,1.19399,1.51818,0.86349,0.00457,0,2.95961e-05,2.95961e-05,2.95961e-05
187,9372.87,1.29823,1.61287,0.77863,0.00479,0.60058,0.76926,0.7106,0.77804,0.50122,0.72555,0.67637,0.7052,0.3785,1.19991,1.52176,0.86267,0.00458,0,2.74015e-05,2.74015e-05,2.74015e-05
188,9419.83,1.29466,1.598,0.77059,0.00481,0.59096,0.76391,0.71328,0.77954,0.50096,0.73124,0.67774,0.7116,0.38229,1.19998,1.52038,0.86359,0.00456,0,2.53559e-05,2.53559e-05,2.53559e-05
189,9466.39,1.30551,1.61145,0.77189,0.0048,0.58915,0.75142,0.71893,0.78012,0.50228,0.731,0.67391,0.7129,0.381,1.20133,1.52159,0.86462,0.00455,0,2.34598e-05,2.34598e-05,2.34598e-05
190,9513.42,1.29269,1.60511,0.76006,0.00476,0.58063,0.75426,0.7253,0.77953,0.50183,0.72399,0.68636,0.71437,0.38109,1.19978,1.52117,0.86473,0.00456,0,2.17136e-05,2.17136e-05,2.17136e-05
191,9560.13,1.29444,1.59209,0.7651,0.00482,0.60138,0.75355,0.72975,0.77973,0.50189,0.73223,0.68276,0.71329,0.38277,1.20099,1.522,0.8647,0.00455,0,2.01178e-05,2.01178e-05,2.01178e-05
192,9607.23,1.29396,1.59232,0.75984,0.00474,0.57964,0.75792,0.72038,0.77807,0.50103,0.73234,0.67943,0.71157,0.38308,1.19952,1.52539,0.86815,0.00454,0,1.86729e-05,1.86729e-05,1.86729e-05
193,9653.85,1.29078,1.60306,0.76574,0.00477,0.57632,0.75297,0.72411,0.77777,0.50117,0.72977,0.67779,0.70864,0.38123,1.19984,1.52579,0.86823,0.00454,0,1.7379e-05,1.7379e-05,1.7379e-05
194,9700.86,1.28949,1.58861,0.75592,0.0047,0.58259,0.75471,0.7238,0.77689,0.50237,0.73155,0.68023,0.71184,0.38237,1.19144,1.51982,0.86663,0.00451,0,1.62367e-05,1.62367e-05,1.62367e-05
195,9747.52,1.29587,1.60493,0.75459,0.00476,0.57315,0.75869,0.72857,0.77805,0.50331,0.73026,0.681,0.71395,0.38469,1.18984,1.51929,0.86794,0.00449,0,1.5246e-05,1.5246e-05,1.5246e-05
196,9794.63,1.28555,1.60732,0.76034,0.00472,0.58641,0.76108,0.72118,0.77751,0.50243,0.72984,0.68075,0.70979,0.38451,1.19161,1.52211,0.86782,0.00449,0,1.44074e-05,1.44074e-05,1.44074e-05
197,9841.3,1.28938,1.59422,0.76063,0.0047,0.58989,0.76452,0.71512,0.77748,0.50409,0.72872,0.67798,0.7102,0.38476,1.19023,1.52099,0.86674,0.00448,0,1.3721e-05,1.3721e-05,1.3721e-05
198,9888.58,1.29148,1.59969,0.75921,0.0047,0.58083,0.76089,0.71133,0.77536,0.50325,0.72742,0.67482,0.7106,0.38476,1.18912,1.52043,0.87039,0.00448,0,1.31869e-05,1.31869e-05,1.31869e-05
199,9935.21,1.28477,1.59579,0.75631,0.00469,0.57797,0.76136,0.71808,0.77754,0.50271,0.72553,0.67687,0.70875,0.38413,1.19009,1.51815,0.86911,0.00449,0,1.28053e-05,1.28053e-05,1.28053e-05
200,9982.33,1.29721,1.59588,0.76157,0.00473,0.57931,0.76136,0.72354,0.77917,0.50317,0.72591,0.6813,0.71105,0.38351,1.19358,1.52003,0.86741,0.0045,0,1.25763e-05,1.25763e-05,1.25763e-05
